{"cameraMode":{"drawMode":0,"name":"Shaded","section":"Shading Mode"},"sceneLighting":false,"audioPlay":false,"sceneViewState":{"m_AlwaysRefresh":false,"showFog":true,"showSkybox":false,"showFlares":true,"showImageEffects":true,"showParticleSystems":true,"showVisualEffectGraphs":true,"m_FxEnabled":true},"in2DMode":false,"pivot":{"x":0.10825884342193604,"y":-0.002742305165156722,"z":-0.002598040970042348},"rotation":{"x":0.053959693759679797,"y":0.6034055948257446,"z":-0.04098431393504143,"w":0.794574499130249},"size":0.12297561019659043,"orthographic":false}