{"cameraMode":{"drawMode":0,"name":"Shaded","section":"Shading Mode"},"sceneLighting":false,"audioPlay":false,"sceneViewState":{"m_AlwaysRefresh":false,"showFog":true,"showSkybox":false,"showFlares":true,"showImageEffects":true,"showParticleSystems":true,"showVisualEffectGraphs":true,"m_FxEnabled":true},"in2DMode":false,"pivot":{"x":0.0005844831466674805,"y":0.2894570231437683,"z":0.950164794921875},"rotation":{"x":-0.0030470811761915685,"y":0.6871123909950256,"z":0.002875331323593855,"w":0.7265691757202148},"size":1.148864984512329,"orthographic":false}