{"cameraMode":{"drawMode":0,"name":"Shaded","section":"Shading Mode"},"sceneLighting":false,"audioPlay":false,"sceneViewState":{"m_AlwaysRefresh":false,"showFog":true,"showSkybox":false,"showFlares":true,"showImageEffects":true,"showParticleSystems":true,"showVisualEffectGraphs":true,"m_FxEnabled":true},"in2DMode":false,"pivot":{"x":0.06477070599794388,"y":0.0076533048413693909,"z":0.1242777481675148},"rotation":{"x":0.10065404325723648,"y":0.236421138048172,"z":-0.024640977382659913,"w":0.9661356210708618},"size":0.11488652229309082,"orthographic":false}