{"cameraMode":{"drawMode":0,"name":"Shaded","section":"Shading Mode"},"sceneLighting":false,"audioPlay":false,"sceneViewState":{"m_AlwaysRefresh":false,"showFog":true,"showSkybox":false,"showFlares":true,"showImageEffects":true,"showParticleSystems":true,"showVisualEffectGraphs":true,"m_FxEnabled":true},"in2DMode":false,"pivot":{"x":-0.007375955581665039,"y":2.0345051288604738,"z":0.021541833877563478},"rotation":{"x":0.012231123633682728,"y":0.6011366248130798,"z":-0.009208845905959607,"w":0.7990266680717468},"size":3.265047073364258,"orthographic":false}