{"cameraMode":{"drawMode":0,"name":"Shaded","section":"Shading Mode"},"sceneLighting":false,"audioPlay":false,"sceneViewState":{"m_AlwaysRefresh":false,"showFog":true,"showSkybox":false,"showFlares":true,"showImageEffects":true,"showParticleSystems":true,"showVisualEffectGraphs":true,"m_FxEnabled":true},"in2DMode":false,"pivot":{"x":-0.05080936849117279,"y":-0.009299077093601227,"z":-0.020090043544769288},"rotation":{"x":-0.1351691484451294,"y":0.823527455329895,"z":-0.22017551958560944,"w":-0.5051048398017883},"size":0.08608293533325196,"orthographic":false}