{"cameraMode":{"drawMode":0,"name":"Shaded","section":"Shading Mode"},"sceneLighting":false,"audioPlay":false,"sceneViewState":{"m_AlwaysRefresh":false,"showFog":true,"showSkybox":false,"showFlares":true,"showImageEffects":true,"showParticleSystems":true,"showVisualEffectGraphs":true,"m_FxEnabled":true},"in2DMode":false,"pivot":{"x":0.026524066925048829,"y":0.24593764543533326,"z":1.1122767925262452},"rotation":{"x":0.15426215529441834,"y":-0.5535112023353577,"z":0.10518565028905869,"w":0.8116620779037476},"size":1.1075173616409302,"orthographic":false}