{"cameraMode":{"drawMode":0,"name":"Shaded","section":"Shading Mode"},"sceneLighting":false,"audioPlay":false,"sceneViewState":{"m_AlwaysRefresh":false,"showFog":true,"showSkybox":false,"showFlares":true,"showImageEffects":true,"showParticleSystems":true,"showVisualEffectGraphs":true,"m_FxEnabled":true},"in2DMode":false,"pivot":{"x":0.10942628979682923,"y":0.03226760774850845,"z":-0.018798552453517915},"rotation":{"x":0.027320621535182,"y":0.7626890540122986,"z":-0.032291218638420108,"w":0.6454102993011475},"size":0.11075173318386078,"orthographic":false}