{"cameraMode":{"drawMode":0,"name":"Shaded","section":"Shading Mode"},"sceneLighting":false,"audioPlay":false,"sceneViewState":{"m_AlwaysRefresh":false,"showFog":true,"showSkybox":false,"showFlares":true,"showImageEffects":true,"showParticleSystems":true,"showVisualEffectGraphs":true,"m_FxEnabled":true},"in2DMode":false,"pivot":{"x":-0.42469024658203127,"y":8.18757438659668,"z":0.2924671173095703},"rotation":{"x":0.18510544300079347,"y":0.5871067643165588,"z":-0.14015156030654908,"w":0.7755286693572998},"size":13.705613136291504,"orthographic":false}